Name,Adress,Link,E-Mail,Number
HAPPY Online Potraviny,"Okružná 1297/50  , 071 01 Michalovce",https://www.azet.sk/firma/1324911/happy-online-potraviny/,,0951 454 616
Potraviny Mňamka,"Hviezdová 128/1  , 911 01 Trenčín",https://www.azet.sk/firma/1324894/potraviny-mnamka/,,0917 497 546
Domased,"Mierová 314/2  , 821 05 Bratislava",https://www.azet.sk/firma/1323543/domased/,,
Petra Gáliková NEBESKÝ TRDELNÍK,"Svätého Štefana 651/73 , 943 01 Štúrovo",https://www.azet.sk/firma/1217843/petra-galikova-nebesky-trdelnik/,,0918 717 318
Potraviny u Eriky,"Radatice 185 , 082 42 Radatice",https://www.azet.sk/firma/1328560/potraviny-u-eriky/,,0919 407 599
BENEFIT LINE s.r.o.,"Lichnerova 41A , 903 01 Senec",https://www.azet.sk/firma/1307980/benefit-line-s-r-o/,,0911 323 363
"ZELOGAL, s. r. o.","Krásna 1011 , 925 32 Veľká Mača",https://www.azet.sk/firma/1118952/zelogal-s-r-o/,,0903 963 173
Danka Pitoňáková - BERUŠKA,"Štúrova  376 , 059 35 Batizovce",https://www.azet.sk/firma/65487/danka-pitonakova-beruska/,,0907 938 558
Cyrilové lupienky Krajčí,"Javorová 2886/22 , 921 01 Piešťany",https://www.azet.sk/firma/1289868/cyrilove-lupienky-krajci/,,0905 438 393
Jozef Oremus PEKÁREŇ BÁNOV,"Štúrova 42 , 941 01 Bánov",https://www.azet.sk/firma/635189/jozef-oremus-pekaren-banov/,berzhf&@crxnear.fx,
Lasičky s.r.o.,"Robotnícka 3107/17A , 905 01 Senica",https://www.azet.sk/firma/1187229/lasicky-s-r-o/,,0903 889 266
Štefan Šimo - OLIVA Import,"Hlavná 70 , 900 42 Miloslavov",https://www.azet.sk/firma/880793/stefan-simo-oliva-import/,,0903 722 012
Potraviny u Majky,"Rybné námestie 1 , 010 01 Žilina",https://www.azet.sk/firma/1327831/potraviny-u-majky/,,0905 864 075
MANGA s. r. o.,"Námestie SNP 7 , 811 01 Bratislava",https://www.azet.sk/firma/977592/manga-s-r-o/,,0903 453 528
"Ed. Haas SK, s.r.o.","Staničná 20 , 908 51 Holíč",https://www.azet.sk/firma/74828/ed-haas-sk-s-r-o/,,0948 274 780
"Ján Ihriský - výroba a predaj cukrárenských výrobkov, s.r.o.","Nerudova 556/31 , 018 51 Nová Dubnica",https://www.azet.sk/firma/629390/jan-ihrisky-vyroba-a-predaj-cukrarenskych-vyrobkov-s-r-o/,,0905 741 201
"Bioland For You, s. r. o.","Kollárová  16 , 902 01 Pezinok",https://www.azet.sk/firma/749256/bioland-for-you-s-r-o/,,0911 355 538
AZ vinotéka,"Senčianska 107/21 , 941 48 Podhájska",https://www.azet.sk/firma/1240835/az-vinoteka/,,0918 536 695
Tibor Vargapál - PROMED,"Námestie osloboditeľov 20 , 040 01 Košice",https://www.azet.sk/firma/645953/tibor-vargapal-promed/,,0905 408 579
"P M, s.r.o.","Hosporádky Dvor VKK , 049 13 Hucín",https://www.azet.sk/firma/74465/p-m-s-r-o/,,0908 564 585
Pekáreň Raslavice,"Železničná 319 , 086 41 Raslavice",https://www.azet.sk/firma/636931/pekaren-raslavice/,,0948 090 000
DIFFERENTE spol. s r.o.,"Rampová 5/3335 , 040 01 Košice",https://www.azet.sk/firma/1304728/differente-spol-s-r-o/,,0905 313 044
Ing. Karol Csizmadia - domáce cestoviny,"1125 , 925 84 Vlčany",https://www.azet.sk/firma/693505/ing-karol-csizmadia-domace-cestoviny/,,0905 174 586
Jana Kučerová - Superpek,"Dr.Herza 22 , 984 01 Lučenec",https://www.azet.sk/firma/635441/jana-kucerova-superpek/,,0905 946 109
Ladislav Nyulassy - Vega-Bio Herbal Natur,"Grösslingová 20 , 811 09 Bratislava",https://www.azet.sk/firma/361621/ladislav-nyulassy-vega-bio-herbal-natur/,,0903 232 111
